,Trastuzumab,Tideglusib,Lapatinib,Mirdametinib,MK-2206,Nintedanib,Pertuzumab,Pictilisib,Refametinib,Rituximab,Romidepsin,Selumetinib,SHP099 dihydrochloride,Staurosporine,A485,Afatinib,AZD-4547,AZD-8055,CUDC-101,Curcumin,Cytarabine,Dactolisib,Dasatinib,Gefitinib,Imatinib
Apelin,0.0,0.0,-0.33234283634821693,-0.021773410306574446,-0.04861107416363928,-0.05841011668898139,-0.11383406590895274,-0.092975825196633,-0.008405251190156697,0.46035289359760906,0.026685388376846465,-0.09293888605244749,-0.14597519344705018,-0.07251214177925684,0.023976238837948236,-0.24893281084906707,-0.2506126472064828,-0.08866541316181105,-0.07802886191499042,0.12919453197710812,0.0,0.09084005368446035,-0.2907805619148864,-0.1644669374062804,0.10364658722364344
Insulin,-0.01962067253743162,0.0,-0.11835936270444408,-0.019857714678799706,-0.1045265890977193,-0.05737004738387425,-0.0430358541483812,-0.057943645356657504,-0.03031383548665243,0.40099578951266124,0.01325136475494618,-0.05948485638456746,-0.0595485000899453,-0.2001230588593191,0.023086044242485636,-0.3649562138844372,-0.18352862414893514,-0.05504633264777608,0.01532821514778604,0.036329261793387184,-0.006556591077565503,0.017599819419072255,-0.35245658782127864,-0.19363843452643223,-0.07260522224616404
PI3K-AKT,-0.022362985847609155,0.0,-0.1839277138521332,-0.009158456157111293,-0.2166357352833662,-0.06614946878042734,0.0047073583123942424,-0.06733347914268487,-0.044782076349953744,0.27876984929674586,-0.019169021976745533,-0.12261269603403967,-0.10978758373626342,-0.12764843431979667,0.022203725188955407,-0.33549083153113907,-0.276344709341241,-0.05172417524597004,-0.06820768292032865,0.017389634594208468,-0.02601177865013299,-0.06401315539331714,-0.3402963148048494,-0.23045063274275876,0.042194324156762206
mTOR,-0.01627197914188989,-0.012629158125574656,-0.38613740943887753,-0.04182810056474864,-0.19507050599423043,-0.1386410796046042,-0.13866486424226188,-0.13828896086699488,-0.0911951043257935,0.2725910087924199,-0.0022015434626700484,-0.14332935255312523,-0.11305089695924009,-0.2970582155014092,0.017607550396618234,-0.5080300821315162,-0.23085475493058594,-0.1323057821281056,0.0347668104857672,0.06366339645856303,-0.017960176606527108,-0.10028309253116001,-0.3634227575954353,-0.2704898689055971,0.029179051268119746
HIF-1,0.0,0.0,-0.08145746752080225,0.013552500537596343,-0.10879201939701709,-0.038070614751717025,-0.10288848264847653,-0.08403584200464906,-0.040088181983847844,0.37005982551542016,0.04679853288828487,-0.1274792980265128,-0.13816101734005576,-0.15122771275975208,0.02167083125737629,-0.26416839715268403,-0.23581696224385346,-0.08013989266548306,0.0973969921096758,0.26158020448397673,-0.022104832746494902,-0.008785661635756876,-0.24911491994192747,-0.20532964719009067,0.14303276223716155
AMPK,-0.0743425208937207,0.0,-0.32337811967576086,0.0,-0.16963984991651915,-0.05023467685498115,-0.06524218722009643,-0.05461991594420058,0.0,0.29366581439782274,0.006713756736076194,-0.07186545254789005,0.028719735688007227,0.00225693027606402,0.04154961544480252,-0.2814480995684273,-0.23900542685145318,-0.0930010515595246,0.038182608353267394,-0.1376891028852031,-0.021286135237365462,-0.07884663610234756,-0.13409557879921605,-0.2182671082579292,0.021457532252227043
Hippo,0.0,0.0,-0.10827341428039956,0.0,-0.12806625701573177,-0.011204437528889671,0.08741091715709341,-0.04535132460867183,0.0,0.03257990863405534,-0.0775832923503594,-0.08124763848171053,0.0,-0.24159851542224234,0.0,-0.08920364706804036,-0.024736019140728333,-0.013368768937926387,-0.098839800514461,-0.292846558828059,0.0,0.002127504471929581,-0.23408839688241792,-0.060480533297865666,0.0
Rig-I like receptor,0.0,0.0,-0.32215537127725263,0.0,0.04618447249208451,0.0,0.0,-0.04253435802241496,0.0,0.004097230829258965,-0.043541234096723475,0.0,-0.05568154865380403,0.026092638000579288,0.0,-0.18084453374049436,-0.4716964055839856,-0.040935650704411596,-0.03178438417716036,0.07870778807635397,0.0,-0.02733452057609204,-0.4624239103254575,0.005914565614016228,0.045525804101856644
NF-kappa B,0.0,0.0,-0.3107208395140432,0.0,0.0,-0.027373974591856275,0.0,0.0,0.0,0.04679713751933334,-0.028242962657334145,0.0,0.0,0.025327616496671514,0.0,-0.1833928144185581,-0.30073117286043666,0.0,0.10084118102697277,-0.024441110465449143,0.0,0.019848841873547886,-0.43589239630701737,-0.11268934928550474,0.0
Calcium,0.0,0.0,0.005785749283675129,0.01125938027114036,0.00018545731903490958,0.0,-0.03929329529486294,-0.011363908435135947,0.08051966089003941,0.35677700387331573,0.0015563519611759607,-0.03630174471209679,-0.020447430772694914,0.007175774751798869,0.0,-0.11911049194192268,-0.05153090103185781,0.0,-0.03909473590223924,0.18591404271987524,0.0,0.08546141029169596,-0.15126427249877542,-0.1397452799630366,0.020700107282366164
NOD-like receptor,0.0,0.0,-0.21773726634071397,-0.01779143902481107,-0.10305564960540077,0.0,-0.045118487315654224,0.0,0.010047430878480807,0.17022480480155786,-0.017917175469983282,-0.07356780766134158,-0.10878646531787678,0.1479579742551067,0.017847699524289846,-0.24815435946666126,-0.2406168879317986,0.0,-0.0306287910654472,0.22048646176523556,0.0,0.08975983772196704,-0.5855663022886919,-0.10582875822835203,0.07494445537709601
Toll-llike receptor,0.0,0.0,-0.5809244175244468,-0.030432724647703146,-0.012948633281993993,0.0,-0.07717635988204012,0.0,-0.054857512188423364,0.1513052514682315,0.0046992774022305344,-0.08728171986423648,-0.15247230550367485,0.12360277630022604,0.0,-0.36659347408846016,-0.3778574368697171,0.0,0.04076291588558756,0.3967768656905322,0.0,0.026351655719681618,-0.622688618782597,-0.23843879446263683,0.12819446314503266
TNF,0.0,0.0,-0.5212459329193564,-0.02460518163005786,-0.010469107759910038,0.0,-0.13581953355651932,0.0,-0.044352882194895485,0.23483352454307113,0.0037994157720161767,-0.09678116018841654,-0.12327548104552435,0.1304947591335897,0.0,-0.3299124045233696,-0.305501757469133,0.0,0.07152718644098663,0.33293051496941495,0.0,0.03693127801423773,-0.5381752661916488,-0.25690158692399434,0.10364658722364344
Rap1,0.0,0.0,-0.04412852223165574,-0.03468519039724079,-0.103640294804825,-0.06082819187880186,-0.045370379424473195,-0.027111131875323755,0.019112083387197224,0.2721407639579078,0.03732693367436804,-0.12242768622381736,-0.11591371312847285,-0.23625966952001404,0.0,-0.268791982513998,-0.31117419103148486,0.0,-0.057290183541753414,0.10467657357395689,-0.020955642440355658,0.1273949657922781,-0.5290318257210214,-0.22724082070679008,0.027135649571516648
IL-17,0.0,0.0,-0.3587594260623174,-0.03401304519449175,-0.21740144933256153,-0.0015523174074386049,-0.07217039973936423,0.0015212971977080296,-0.03397073441818108,0.30611555857351835,-0.030734988774157746,-0.20972714947333798,-0.21478350367138635,0.22279523498495063,0.03412060203173058,-0.3616257394420706,-0.4159462668489809,0.0,0.1358279942754354,0.46152889798269797,0.0,0.005531691216698002,-0.6475257007199494,-0.2113597856067108,0.18015699183528086
Estrogen,0.0,0.01361383318859862,-0.16105872076968705,-0.03071680084796751,-0.12180598636603111,-0.02736183116783883,-0.04901857873469429,0.014913970054297638,-0.03408882534152537,0.43476697925925967,-0.01978484434767109,-0.10669491887586649,-0.13062496184877997,0.04888911406587023,0.021092735801433452,-0.3979504159446713,-0.2468181562172263,0.01683219030305038,-0.04019357895672856,0.33572729677908963,0.0,0.1251577347915984,-0.5153512646894536,-0.3502274923981033,-0.11178573992592486
Sphingolipid,0.0,0.0,-0.2867133148674047,-0.044143458136232994,-0.010251001348245246,0.0,-0.028750711993255306,0.0,-0.008230141790361765,0.17023219035055218,0.029323593376447455,-0.06909802822585388,-0.1603273690666325,-0.05431564519550942,0.0,-0.33382189197090373,-0.1700242024833971,0.0,-0.04087024947459079,0.20507051903103587,0.0,0.08498974657226754,-0.3623074194725467,-0.23180242090273406,0.10148728332315086
Oxytocin,-0.0448483889501219,0.0,-0.2633489268284867,-0.03580951296152905,-0.03631657282780434,-0.0006996673306317668,-0.10371592681696583,0.014997640851352856,-0.03407530787728254,0.505982912195901,0.04378199385432377,-0.10130643385411754,-0.15467497044860556,-0.18547512240855155,0.0,-0.31619318331700397,-0.2354803848645842,0.0,-0.015442944890152074,0.29691185173188556,0.0,0.06153207295889467,-0.2908223564582212,-0.3014031301095169,0.1279845147121733
VEGF,0.0,0.0,-0.3945491051765188,-0.07306503415652357,-0.12069146779361037,0.0,-0.10790820502493287,0.0,-0.10802466469650707,0.6971353101063494,0.0,-0.15961003631855397,-0.1997912968668843,-0.06106390396405536,0.0,-0.5883485770534148,-0.45773183322402194,0.0,0.10351681326968189,0.3891966116351075,0.0,0.07462866653023728,-0.66301823486545,-0.3492584323607928,0.1679789517072842
cGMP,0.0,0.0,-0.1368754731730042,-0.05168344745829507,-0.01997672637901664,-0.04221471124075664,-0.0801479673535003,0.021622268329472612,-0.03593396103422522,0.4651053600041896,-0.03639887793637931,-0.07850353669444865,-0.13950482023432018,-0.08474321921632445,0.0,-0.2907667346239122,-0.22969263539775306,0.0,0.002491010620177615,0.04583262972895106,0.0,0.10316142017849371,-0.31294035980879187,-0.2713286873659198,0.11227496225873532
TCR,0.0,0.0,-0.5611839480647379,-0.048138468726975636,0.014591900442935395,-0.06223529573301884,-0.05156171385706266,-0.001274659490521613,-0.09044223262833795,0.300661575438436,0.007108683602904206,-0.11108864586171129,-0.11360681586548323,-0.12462207346413244,0.0,-0.5133368889880657,-0.39707272187329384,0.018152362091524918,0.08572297809934605,0.321014116096514,0.0,0.024262028685838904,-0.4122241180747123,-0.3534086959172117,-0.010237034925556807
BCR,0.0,0.0,-0.3654084161302347,-0.05579686147899449,-0.008464249778225151,-0.052652276170255204,-0.0875220602573858,-0.0014774462276500513,-0.10483076963739171,0.44602480995969634,-0.03397609265372922,-0.12876183952152898,-0.13168062748044648,-0.06968309158288188,0.0,-0.44071306555713097,-0.2742848574326071,0.021040237878812974,0.02479239080998317,0.3312003052502099,0.0,0.02812189688585873,-0.5301564422103797,-0.44663921864583395,-0.03133209279491068
Chemokine,0.0,0.0,-0.3032752585459103,-0.04232865353578892,-0.1601893221223891,-0.06992779828131844,-0.08546010229277665,-0.016336233031259743,-0.03232561023765337,0.23904889525876447,-0.018683238915392756,-0.18676789071871652,-0.09989564843344215,-0.11907340624330037,0.0,-0.3902154740224646,-0.30946105322497613,0.01596155977013398,-0.023586090906979038,0.28706801104551327,0.0,0.08489407458656582,-0.6274352695686278,-0.26326309497074923,-0.1780932461804652
Neurotrophin,0.02361808246770384,0.0,-0.376029928486421,-0.06351223850450965,-0.06890767311887458,-0.04997081684408352,-0.004597724145748483,-0.0010001174464092655,-0.12455449331976218,0.3857420684660435,0.004983148076564587,-0.0799039282121321,-0.10871478786077436,-0.1091763631379014,0.0,-0.5520705516917478,-0.4281424560027724,0.02655381715637653,0.006594158018479866,0.3487305603477937,0.0,0.08499397895721961,-0.7435215388736653,-0.32435859963792535,-0.2698272145980778
Prolactin,0.0,0.0,-0.5475857245427338,-0.0876807823241342,-0.0525482545757762,-0.08273929112468674,-0.0825543830888806,-0.002321701214878652,-0.16473406657304412,0.3320605900696552,-0.0387009948961707,-0.20234003353383126,-0.2628301310810494,-0.06434900367490595,0.0,-0.7781713128116354,-0.5206284195559054,0.033063230952420385,-0.048856902593028,0.4256395133256687,0.0,0.044191552249206574,-0.8208250010435341,-0.6754722669567311,-0.2195791319973524
Phospholipase D,0.0,0.0,-0.317245471791939,-0.03519633430496277,-0.09518891566833808,-0.04970211130345694,-0.1433214592762677,-0.00042840605705066204,-0.06145577851822096,0.21203392171967403,-0.022575580356099578,-0.11363418093021843,-0.21097565327273646,-0.02037936516259666,0.0,-0.45888926623489973,-0.35887961148495195,-0.000546469120387807,-0.02811927419359805,0.17256200052405898,0.0,0.0779643797105319,-0.6326941105680423,-0.3756936090543397,-0.2533829763395102
Ras,0.02046900480534333,0.0,-0.22968234057975412,-0.027184755870835305,-0.02722523119884904,-0.03250876936723877,-0.07727337814367585,0.010936911373151602,-0.050662786804945514,0.3405710214017004,-0.01444837142790373,-0.07713631993684757,-0.17150644162036824,-0.24906272405379146,0.0,-0.34707383243943823,-0.2998954224990194,-0.000944371800918186,-0.01495307705512647,0.054624666642390844,0.0,0.04339979448646231,-0.5688668058229382,-0.294751047005496,-0.1773348155374751
Fc epsilon RI,0.0,0.0,-0.3590251753176035,-0.07220770309046345,0.012102252907626558,-0.04426178571268046,-0.11848798493650481,0.024125539793716767,-0.13566334894250692,0.4564243660170932,0.07738513651987064,-0.09755015749532313,-0.2263445210352459,-0.059791252036260144,0.0,-0.49409415580242694,-0.3266264774883273,0.027228543137287377,0.037168370085874106,0.24768504385147055,0.0,0.060313202322292744,-0.6149485943097863,-0.3532763719560663,-0.05213137030186715
GnRH,0.0,0.0,-0.25321355424877606,-0.05950484433089683,-0.0024869559819788133,-0.023514073659861495,-0.09164692735992264,0.012816693015412033,-0.035467690620644664,0.4161669195607505,0.05831232292233893,-0.12062068359167853,-0.22558037685254986,-0.07739759206239669,0.0,-0.49216618963564485,-0.2736334066298253,0.01446516354168392,-0.02104000935947466,0.5421175250194199,0.0,0.18296598302835798,-0.48566196489787583,-0.3226501530427993,0.06792034278630259
MAPK,0.0,0.0,-0.2640612397533086,-0.026637531170722126,-0.03208808103285048,-0.00863821587844133,-0.018400827919043503,-0.01757905644353864,-0.03886702771468348,0.29532356164927387,0.017099101600146147,-0.05899102076570247,-0.1110160248229641,-0.14647786345778555,0.0,-0.432319130214378,-0.19727272076347285,-0.00038543115210499043,0.008279476963243566,0.2652272428618293,-0.009019313982739918,0.06678956032185926,-0.37270035649640454,-0.24624625910131467,0.01567220487479261
ErbB,0.024367862863503963,0.0,-0.2429568532982711,-0.026816254708543066,-0.17315730425600592,-0.07273752757914191,-0.04196477665398822,-0.05700062913044691,-0.07522143166939015,0.36296908972185943,-0.029285716794887194,-0.14550815660060556,-0.15371252156782986,-0.22546802147334993,0.0,-0.5198280053814295,-0.32411884288260734,-0.07510813085694296,-0.001400015845360714,0.28609042457683237,-0.036283886740364514,-0.031465189776943465,-0.5968981081182554,-0.311627289912952,-0.218276832100369
FoxO,0.0,0.0,-0.22324805985172336,-0.03128563049330024,-0.08461043537707619,-0.027868531745021033,-0.050839701539829515,0.007098127133588501,-0.08541766414898584,0.25810156168385767,0.07113067022704243,-0.11940677775135218,-0.1607378422459926,-0.09865190249568023,0.0,-0.5116902754044319,-0.23189401702145793,0.017143897530884647,-0.026197198382505317,0.11450684434271075,-0.021045065959726477,0.053163437504835924,-0.3801001280621534,-0.3455753837483845,0.010577971009557494
cAMP,0.0,0.0,-0.18961154126041235,-0.06357117543022285,-0.05942789027197485,-0.016112202277172197,-0.0882358993432353,0.043382268632443655,-0.09444290469080387,0.22289235032893892,-0.017912246583999595,-0.09954299554178213,-0.14096212251224716,-0.01790651223222258,0.0,-0.23716798950428766,-0.32732572911575003,0.0,-0.02335861551700254,0.2971149287277459,0.0,0.06106158619989429,-0.31585938263754737,-0.2352658004002795,0.09959875684242649
Jak-STAT,0.0,0.0,-0.14704396870164305,-0.016150924546227085,-0.18709097783259446,-0.04560305194639805,0.0,-0.027522928381828377,-0.07660510305712569,-0.11643637904801551,-0.0230718879086398,-0.13717238318739075,-0.08956731374766647,-0.1328387410849187,0.0,-0.3861820220897495,-0.2071434680976221,-0.03382167316098304,-0.16916720013315822,-0.08118952705214161,0.0,-0.007355501353829294,-0.44188169373537817,-0.31814179668047937,-0.288254125819159
Notch,-0.10271062473312233,0.0,0.11650844971046646,-0.016726426812257677,-0.21773791094786252,-0.030852707971163032,0.0,-0.24606874776943424,-0.09705785088427701,0.0784213511351644,-0.05010752467214071,0.0,0.0,-0.027367653616331426,0.03931862060044569,-0.4205015260209552,-0.09728170538350872,0.0,0.0018246453018496824,-0.08952401675209137,0.0,0.0,-0.34668131529839913,-0.18988956210447222,0.0
Glucagon,-0.08524090854567636,0.0,0.042979883335901435,0.0,-0.05245027235996268,0.016289436538145532,-0.022596923592603825,0.0,0.05824826532470937,0.6410265526041875,0.026685388376846465,0.0,0.0,-0.12416368538685041,0.0,-0.0854385742483542,-0.05062203511026453,0.0,-0.00977992703286292,0.2398762871109681,0.0,0.07216974966095974,-0.07043624629396965,-0.020265586912831566,0.0
Wnt,-0.04189853560345123,0.0,-0.1961514392613365,0.0,-0.09917830638097586,-0.029371332865981703,0.030355935725569435,-0.03111523123125394,0.04802927140809369,0.24589400100074746,-0.0945309991201598,-0.08311875262246815,-0.02646827220504372,-0.07869366570405954,0.0,-0.16863744184934268,-0.21662848634952975,-0.017825025250568515,-0.04891351454621494,-0.006726411504573791,0.0,0.0367088163848683,-0.13404463573837327,-0.10850935822185412,0.021999089875233465
TGF-beta,-0.045067040736686395,0.0,-0.40907967129634004,-0.039877363331473084,-0.10995181527211807,-0.04345342564727303,-0.10112764398336291,-0.09261376568252927,-0.07188225735034785,0.1705725875233614,-0.11016882797158369,-0.16139527420421937,-0.1997912968668843,-0.1864636615846124,0.0,-0.24148970176794438,-0.21854782012702362,-0.1597146023778404,-0.10991593108134268,0.15511981229167415,0.0,-0.031316852465968006,-0.43093061784342546,-0.24686849499739777,0.1679789517072842
Thyroid,-0.014228711973638912,0.0073407924056169025,-0.24332114566646898,-0.04321255734787052,-0.15667276761167856,-0.01851080894431382,0.006982789788887138,-0.11499084783048988,-0.018620402454738522,0.36012968644400933,-0.025032102079614635,-0.19423190310497157,-0.1485230490959478,-0.036439532843155396,0.0,-0.4293331366126429,-0.3102870196694141,-0.03933180501984811,0.03457318858552778,0.21982828611438734,0.0,0.06543447999166986,-0.4301540758652491,-0.26808155547002416,0.10517411631507897
